User ID,Address Number,Alpha Name
TMCILWRAITH0,20190618,TEODOOR MCILWRAITH
CECCLES1,20104483,CONCETTINA ECCLES
JLABADINI2,20160849,JEROME LABADINI
LMACENTEE3,20208235,LESLEY MACENTEE
SKINDALL4,20024445,SKYLER KINDALL
JRUCK5,20061266,JOHNETTE RUCK
RJULLIAN6,20114554,RENATE JULLIAN
PSTREWTHER7,20034762,PAOLA STREWTHER
HKOLODZIEJ8,20203405,HANNA KOLODZIEJ
BFONE9,20140893,BERGET FONE
VMCAVINCHEYA,20230754,VALMA MCAVINCHEY
RMAGUIREB,20256560,RADCLIFFE MAGUIRE
PGITTHOUSEC,20204901,PHILLIPE GITTHOUSE
VSTAINTOND,20192776,VALE STAINTON
JARNOULDE,20155841,JULIO ARNOULD
PBOONF,20243541,PERKIN BOON
JTELIGING,20012189,JENDA TELIGIN
FWEHNERH,20175112,FIN WEHNER
PDAMRELI,20086950,PETUNIA DAMREL
EFRANCOISJ,20055087,ERINN FRANCOIS
HMCNELISK,20008244,HEPHZIBAH MCNELIS
LMONTIERL,20014151,LORAINE MONTIER
MDUTTM,20029916,MAYNARD DUTT
MSKEDN,20202442,MATELDA SKED
CBIRTCHNELLO,20226165,CONNEY BIRTCHNELL
MFLANDERSP,20028496,MAIGA FLANDERS
NPOPEQ,20182170,NARI POPE
MREINISCHR,20161925,MAUREEN REINISCH
BCARDOOS,20143598,BRENNEN CARDOO
KELKINST,20181327,KALEENA ELKINS
MKENRIGHTU,20148640,MAEGAN KENRIGHT
AJENDRUSCHV,20256020,ALYSIA JENDRUSCH
MBRADNOCKW,20047552,MECHELLE BRADNOCK
EMATZENX,20188037,EMMET MATZEN
FFELLINIY,20024379,FILIP FELLINI
PMATHEZ,20169388,PINCAS MATHE
VTOMICKI10,20249038,VERADIS TOMICKI
RWISBY11,20005500,REINOLD WISBY
BWERMERLING12,20138312,BELICIA WERMERLING
MWADWORTH13,20080671,MERCIE WADWORTH
SGOODLETT14,20120944,SHANI GOODLETT
LSPURETT15,20043473,LYNNETT SPURETT
GCAWTHERA16,20136239,GOLDI CAWTHERA
ALACKINGTON17,20069531,ARNI LACKINGTON
ACHITTIM18,20230737,AGNOLA CHITTIM
IOLUNNY19,20120665,ISA O'LUNNY
TMARRIAGE1A,20255319,TOMLIN MARRIAGE
CBLEES1B,20156379,CLAUDIA BLEES
ALINZEY1C,20093552,AVIGDOR LINZEY
PEILHERSEN1D,20253421,PORT EILHERSEN
WCOLAM1E,20027233,WHITNEY COLAM
ASAMBALS1F,20259330,AMANDA SAMBALS
ABALDICK1G,20246208,AURELEA BALDICK
CMADOCJONES1H,20024292,CAROLE MADOC-JONES
GMCILVANEY1I,20155071,GEORGEANNA MCILVANEY
ILARKKEM1J,20164390,INA LARKKEM
GDANIELSEN1K,20161550,GUILLEMETTE DANIELSEN
DBROCKINGTON1L,20028965,DRAKE BROCKINGTON
SIBBETT1M,20226077,SHARIA IBBETT
GCOPPEARD1N,20046729,GEORGEANNE COPPEARD
DCROSTON1O,20211390,DARB CROSTON
DDAVERAN1P,20032548,DANIELE DAVERAN
PPERRELLI1Q,20184341,PRINCE PERRELLI
GEASMAN1R,20002916,GILL EASMAN
SODA1S,20065750,SILAS ODA
SBURREL1T,20228422,STEPHANI BURREL
JSINSON1U,20161003,JULEE SINSON
BOLOUGHANE1V,20119472,BRANDI O'LOUGHANE
NMAHEDY1W,20158951,NEWTON MAHEDY
JBYRE1X,20159082,JOSIAH BYRE
AVIDO1Y,20082630,AUROORA VIDO
RWALLWORTH1Z,20016310,RUBI WALLWORTH
MANNAKIN20,20067598,MONTGOMERY ANNAKIN
NTOMAN21,20171579,NANNI TOMAN
KAIM22,20120146,KYLE AIM
FKNIGHTSBRIDGE23,20109717,FRANNIE KNIGHTSBRIDGE
VMIDDLEMIST24,20134432,VALENTIN MIDDLEMIST
DOGROGANE25,20229978,DAN O'GROGANE
DSTOPHER26,20029280,DEE STOPHER
MTUE27,20130865,MARTY TUE
MTOWS28,20142113,MARTICA TOWS
JDYERSON29,20049190,JACQUIE DYERSON
LFILIPPO2A,20077485,LORRAINE FILIPPO
OCHILLCOT2B,20125031,ORALLA CHILLCOT
STINTON2C,20259308,SIBELLE TINTON
NSIMONI2D,20097163,NANCI SIMONI
KBONICK2E,20202929,KAMILLAH BONICK
SMATTIUSSI2F,20235590,SWEN MATTIUSSI
MHANRAHAN2G,20103509,MARTA HANRAHAN
WKEMBRY2H,20127229,WYNN KEMBRY
LKILGOUR2I,20098876,LINELL KILGOUR
JBRAM2J,20103919,JANOS BRAM
THADCROFT2K,20187200,TOBI HADCROFT
BMCCARLICH2L,20214232,BOYCIE MCCARLICH
HCAMOIS2M,20059522,HASHIM CAMOIS
CNAPER2N,20172538,CLAUDIUS NAPER
KJEANDEL2O,20102152,KYNTHIA JEANDEL
GAMBROIX2P,20251191,GARDIE AMBROIX
NSLIPPER2Q,20119184,NORMIE SLIPPER
GAYLIFFE2R,20205201,GODFRY AYLIFFE
PFENICH2S,20255677,PHILIPPA FENICH
JPARFETT2T,20081724,JOBY PARFETT
CFEIGHRY2U,20068699,CHARO FEIGHRY
ACRAMPHORN2V,20237944,ALDO CRAMPHORN
SAYNSCOMBE2W,20067330,SIGISMONDO AYNSCOMBE
TACKENHEAD2X,20140361,THADEUS ACKENHEAD
MLOVEREDGE2Y,20203563,MOHANDAS LOVEREDGE
EESKRIGG2Z,20205481,EDWIN ESKRIGG
LEASTMAN30,20181333,LEE EASTMAN
JCRITZEN31,20040118,JILLY CRITZEN
MAYLIFF32,20240782,MARABEL AYLIFF
JHALBURTON33,20235481,JENNINE HALBURTON
JDALLAS34,20019760,JOSHIA DALLAS
TFARNHILL35,20002582,THACHER FARNHILL
AREVELEY36,20091333,ADDI REVELEY
OBRAME37,20002920,OLE BRAME
BSYDDON38,20242966,BETH SYDDON
FSMAIL39,20030236,FRANNY SMAIL
FGRZESIEWICZ3A,20169387,FREDERIQUE GRZESIEWICZ
JJOLLIE3B,20048533,JAYME JOLLIE
RABRAMOWSKY3C,20110823,ROBYN ABRAMOWSKY
KBARLACE3D,20004764,KERRI BARLACE
LTREEBY3E,20094527,LOUISA TREEBY
LMARLEN3F,20058661,LAURETTA MARLEN
HSALZEN3G,20234506,HAM SALZEN
JAYSH3H,20027747,JERI AYSH
LJIROUTKA3I,20076293,LISE JIROUTKA
OSCRINE3J,20141456,ORELIA SCRINE
SLORRIMAN3K,20141939,SHANIE LORRIMAN
KMEDWELL3L,20198729,KARNA MEDWELL
LBIAGGI3M,20033165,LUCIANO BIAGGI
LFRANCOM3N,20030236,LISSY FRANCOM
CROMER3O,20064381,CAZ ROMER
PSPAREY3P,20027829,POOH SPAREY
OPOSSA3Q,20061840,ORRAN POSSA
MDARKER3R,20245062,MARGARETHE DARKER
LSHIPPERBOTTOM3S,20037694,LILY SHIPPERBOTTOM
GSEAMAN3T,20242518,GAREY SEAMAN
MWELLER3U,20039942,MEARA WELLER
OMANILOVE3V,20030756,ODE MANILOVE
IDUESBURY3W,20159406,ISRAEL DUESBURY
IFULLICK3X,20077600,ITCH FULLICK
KKNEEL3Y,20051830,KAREL KNEEL
MBOATER3Z,20048501,MAE BOATER
CLASSLETT40,20165045,CORETTE LASSLETT
NAINGER41,20115991,NOLA AINGER
RGODIN42,20218361,RUDIGER GODIN
LDREWRY43,20164158,LARRY DREWRY
AMOWLAM44,20001167,ALESSANDRO MOWLAM
RWHARF45,20140261,REGGIS WHARF
LSTERKE46,20000018,LYDIA STERKE
EMCASTER47,20219638,ELYSEE MCASTER
LMOODY48,20040366,LAY MOODY
MNYLAND49,20103191,MELANIA NYLAND
MCLUFF4A,20090744,MICHAEL CLUFF
KSILK4B,20186228,KEVYN SILK
RSCHOTT4C,20236667,RONNIE SCHOTT
KPOWLAND4D,20043531,KENT POWLAND
GBURCHER4E,20104776,GERY BURCHER
DMERRIKIN4F,20089282,DARREL MERRIKIN
FVERHEIJDEN4G,20006415,FONSIE VERHEIJDEN
LBAGSTER4H,20140537,LANEY BAGSTER
MDACOMBE4I,20083355,MIRABELLE DACOMBE
EPICKAVER4J,20033571,ELVA PICKAVER
JFORSON4K,20232577,JEWELL FORSON
MPETTISALL4L,20225413,MARTY PETTISALL
GSEER4M,20010768,GERTRUDIS SEER
OMCOWAN4N,20221662,OSSIE MCOWAN
MBROOKFIELD4O,20232692,MARKUS BROOKFIELD
LBULLED4P,20137137,LEORA BULLED
ZSCALES4Q,20036379,ZONDRA SCALES
BSAILOR4R,20173533,BENTLEE SAILOR
FKERSHAW4S,20057567,FINDLAY KERSHAW
WUNGARETTI4T,20037050,WANETA UNGARETTI
REUELS4U,20062614,ROSEANNA EUELS
RTIRON4V,20185051,ROSANNA TIRON
BMATANIN4W,20246091,BLAINE MATANIN
VCHASIER4X,20085856,VALERA CHASIER
DREVINGTON4Y,20241610,DELPHINE REVINGTON
VMALLARD4Z,20241555,VINSON MALLARD
JCOCKILL50,20234769,JUNETTE COCKILL
FTOYER51,20250343,FELICDAD TOYER
ASKETH52,20182464,ANGELIQUE SKETH
GPONCET53,20030909,GREER PONCET
KFAWTHROP54,20114299,KAY FAWTHROP
DGRAVET55,20195099,DAVY GRAVET
FGRAFOM56,20060266,FREDRIKA GRAFOM
RCOATHAM57,20120297,RAUL COATHAM
BWORKMAN58,20091757,BERRI WORKMAN
MCUZEN59,20025956,MAXIMO CUZEN
DOXNAM5A,20152117,DANETTE OXNAM
FBARTOSCH5B,20255409,FRIEDA BARTOSCH
WMACELROY5C,20048905,WILLA MACELROY
JGORDEN5D,20078478,JARRET GORDEN
WGOMEZ5E,20058332,WINNIFRED GOMEZ
CHAYSMAN5F,20051565,CHARLINE HAYSMAN
GYAIR5G,20258931,GABBEY YAIR
JWEBLING5H,20136659,JUSTINO WEBLING
ADE5I,20073318,ALUIN DE NISCO
CGODLEY5J,20136075,CIRO GODLEY
BEADES5K,20066837,BARB EADES
TREINBECK5L,20104203,TESSI REINBECK
GEGGLESTON5M,20111348,GUENDOLEN EGGLESTON
EALEKSANDROV5N,20220637,EVANNE ALEKSANDROV
MCORSSEN5O,20086389,MINERVA CORSSEN
CLASTY5P,20099195,CHADDY LASTY
TMAYALL5Q,20047422,THEODORIC MAYALL
MGAVAGHAN5R,20229148,MARCEL GAVAGHAN
GMIDDLEWICK5S,20106729,GABEY MIDDLEWICK
JJEPP5T,20152302,JESSA JEPP
RBAU5U,20241217,ROSELIA BAU
MDEROCHE5V,20252786,MADA DEROCHE
MPICKEN5W,20252287,MERREL PICKEN
DTOURNAY5X,20067273,DEBBY TOURNAY
GHARUARD5Y,20222412,GENE HARUARD
GPRYELL5Z,20248088,GREGOOR PRYELL
FBUGG60,20199846,FERGUSON BUGG
MUPJOHN61,20151876,MARY UPJOHN
JDANTONIO62,20024200,JEDEDIAH D'ANTONIO
CHEMERIJK63,20109128,CICILY HEMERIJK
MGRESCHKE64,20239976,MARTHENA GRESCHKE
WULYATT65,20178285,WARD ULYATT
IARROWSMITH66,20069398,IGOR ARROWSMITH
ESTIVANI67,20066070,ESTRELLA STIVANI
WLAMPERT68,20162304,WAIN LAMPERT
AMINGARDI69,20130273,ARTIE MINGARDI
GDOVEY6A,20177037,GILBERTA DOVEY
APETHERICK6B,20031092,ALF PETHERICK
HPERES6C,20240319,HARMONY PERES
ISTANELAND6D,20119372,IRA STANELAND
FSCUTT6E,20227696,FRANZEN SCUTT
BMOORE6F,20170000,BENYAMIN MOORE
BFUNDELL6G,20076751,BEITRIS FUNDELL
TFOORT6H,20205520,THORIN FOORT
WTIDD6I,20183805,WELLS TIDD
DFAYERMAN6J,20081839,DAREEN FAYERMAN
GPENTON6K,20019785,GRENVILLE PENTON
ASIDDLE6L,20197640,ABBY SIDDLE
PSMALCOMBE6M,20190975,PIP SMALCOMBE
GBRUHKE6N,20100766,GLORIA BRUHKE
LBLINT6O,20206287,LILIA BLINT
BWELBERRY6P,20116004,BARBETTE WELBERRY
AFOSTERSMITH6Q,20029347,AXEL FOSTER-SMITH
MMACFADYEN6R,20225922,MELODIE MACFADYEN
RJELK6S,20136432,RICCA JELK
HLUDEE6T,20227508,HERMANN LUDEE
FZAVITTIERI6U,20028789,FREDDIE ZAVITTIERI
VOSSULTON6V,20249821,VIVYANNE OSSULTON
ZBEWLEY6W,20127232,ZABRINA BEWLEY
TKELMERE6X,20197333,TRUEMAN KELMERE
ADOWSE6Y,20100764,ANNALISE DOWSE
GMINSHULL6Z,20112623,GERI MINSHULL
BBENZIES70,20259277,BECKI BENZIES
AVASILMANOV71,20098855,ALLYCE VASILMANOV
BCLAPISON72,20026831,BLONDIE CLAPISON
KSCHOPS73,20181312,KARLYN SCHOPS
RDUMPER74,20258571,ROSABELLA DUMPER
GPEART75,20041817,GEOFFRY PEART
SSONGUST76,20056196,SHAINE SONGUST
CBAUDACCI77,20158317,CAMMI BAUDACCI
EDE78,20053202,EVONNE DE LA SALLE
NDAENEN79,20138866,NEDDY DAENEN
ISIMESTER7A,20188369,IVER SIMESTER
LSTOBBE7B,20025841,LEZLIE STOBBE
BDURTNELL7C,20163862,BARB DURTNELL
YMEGAINEY7D,20037143,YOLANTHE MEGAINEY
JSCHECHTER7E,20224845,JULEE SCHECHTER
WBRITON7F,20203985,WALTON BRITON
KJERZAK7G,20206889,KATHLEEN JERZAK
FQUEENBOROUGH7H,20027543,FARREL QUEENBOROUGH
LCUTMARE7I,20127042,LANNY CUTMARE
ABULLEN7J,20250483,ALETHEA BULLEN
SFRANSONI7K,20053008,SPENSER FRANSONI
CTATEM7L,20213258,CHARLINE TATEM
EPRIVOST7M,20073757,EWART PRIVOST
WBUSSON7N,20072041,WILONA BUSSON
HTUTTIETT7O,20188520,HOLMES TUTTIETT
RDUCKHAM7P,20086435,ROXI DUCKHAM
EHOWSELEE7Q,20143685,EMLYNN HOWSELEE
NCHISMAN7R,20095271,NICKOLAI CHISMAN
GPEMBRIDGE7S,20004946,GAWEN PEMBRIDGE
TADDYMAN7T,20101351,TAMARAH ADDYMAN
JORD7U,20097563,JILLAYNE ORD
NGERWOOD7V,20061424,NILES GERWOOD
BPOPE7W,20044607,BATSHEVA POPE
JBELLEE7X,20212696,JERE BELLEE
WWHEATLAND7Y,20122869,WALLIE WHEATLAND
MPESTICCIO7Z,20026546,MALYNDA PESTICCIO
ASHOVELL80,20008626,ALWYN SHOVELL
BHAGGIDON81,20052773,BERNIE HAGGIDON
BLOWINGS82,20176778,BEATRIZ LOWINGS
CLOVETT83,20076727,CHARITA LOVETT
SDOERLING84,20223711,SAW DOERLING
AMAUSER85,20021223,ANDERSON MAUSER
VTOUROT86,20198070,VALENKA TOUROT
GSCHIROK87,20251072,GIANA SCHIROK
OHEATHORN88,20110748,ORLY HEATHORN
DANDREONE89,20103293,DULCIE ANDREONE
RNEQUEST8A,20221081,RICCARDO NEQUEST
CCARTMER8B,20106082,CATHRIN CARTMER
UDENCS8C,20221038,URBAIN DENCS
AVERNER8D,20161294,ARVIE VERNER
ABOECK8E,20237568,ALAN BOECK
KHORSTEAD8F,20062429,KARIL HORSTEAD
RGILDEA8G,20227608,RORY GILDEA
TDURAND8H,20180374,TULL DURAND
KDOMINGUES8I,20128863,KATERINE DOMINGUES
RFLEY8J,20119112,RHETT FLEY
JITSCOVITZ8K,20161799,JOYE ITSCOVITZ
HRANKCOM8L,20039617,HALSY RANKCOM
DSEXON8M,20065935,DOLLIE SEXON
TBRYDEN8N,20034719,TYBALT BRYDEN
BHALFORD8O,20106232,BECK HALFORD
RBRYMNER8P,20067583,RAYSHELL BRYMNER
CBLAMEY8Q,20122547,COLEEN BLAMEY
AIVE8R,20075150,ARCHER IVE
AGROLL8S,20093872,ARTEMIS GROLL
MTRIBBLE8T,20235590,MARIETTE TRIBBLE
JBEHNE8U,20011480,JOYCE BEHNE
AOTTERY8V,20002357,AUDIE OTTERY
WAXCEL8W,20167869,WALDO AXCEL
LMCHARRY8X,20187702,LEFTY MCHARRY
HASHPITAL8Y,20136367,HEALL ASHPITAL
EYERRALL8Z,20184824,EZEKIEL YERRALL
DCOULTARD90,20082930,DALLAS COULTARD
YATTHOW91,20197912,YARDLEY ATTHOW
LRAVEN92,20095167,LIZ RAVEN
KNILLES93,20190565,KALINA NILLES
SSTOCKPORT94,20112691,STAFFORD STOCKPORT
APINWELL95,20179686,ABIGAEL PINWELL
JDOBER96,20118307,JOBI DOBER
WNORWICH97,20104173,WASH NORWICH
KMCGUCKEN98,20107483,KAMILLAH MCGUCKEN
PRATHJEN99,20015611,PAIGE RATHJEN
PLEIDL9A,20026818,PHYLYS LEIDL
CCHMIEL9B,20166466,CLARINE CHMIEL
MIZAKOF9C,20216015,MURDOCH IZAKOF
RFIELLER9D,20150649,ROXINE FIELLER
JMEAKER9E,20057718,JILLEEN MEAKER
MISMEAD9F,20226164,MYRTA ISMEAD
HPHIPPIN9G,20192420,HARLIN PHIPPIN
LNURDEN9H,20238516,LEZLEY NURDEN
AMAXFIELD9I,20241989,ALBERTINA MAXFIELD
RGILLIGAN9J,20059134,ROBENIA GILLIGAN
SLHOMMEAU9K,20253138,STANLY L'HOMMEAU
GTAUNTON9L,20156404,GIORGIO TAUNTON
HASHWIN9M,20045792,HERCULIE ASHWIN
DNULTY9N,20001275,DEMETRA NULTY
LKIRLEY9O,20128486,LINK KIRLEY
ELEHRAHAN9P,20068474,ELDEN LEHRAHAN
DKEATING9Q,20236359,DARRYL KEATING
IFELDBERGER9R,20108818,ISABELLE FELDBERGER
CJAGIELSKI9S,20141665,COOKIE JAGIELSKI
MGRENEHAM9T,20234279,MYRLENE GRENEHAM
TTUTT9U,20078223,THACHER TUTT
CTREVEN9V,20043434,CHASTITY TREVEN
KPLENDERLEITH9W,20003826,KALINDI PLENDERLEITH
ECORROYER9X,20041782,EDIN CORROYER
SSAYERS9Y,20242220,STINKY SAYERS
DREDDECLIFFE9Z,20141424,DOE REDDECLIFFE
TERSWELLA0,20159943,TORREY ERSWELL
FLORTZA1,20149216,FRANCES LORTZ
AOLESZKIEWICZA2,20181226,ADELA OLESZKIEWICZ
LCARDALLA3,20154736,LEFTY CARDALL
CSTAZIKERA4,20090007,CELIE STAZIKER
IZOANETTIA5,20190948,ILYSE ZOANETTI
FEAGANA6,20197618,FINA EAGAN
EGLENDININGA7,20217458,ELYSE GLENDINING
CSEAGARA8,20060783,CHARIS SEAGAR
RHENWORTHA9,20040223,RICCA HENWORTH
OCORNBELLAA,20092174,ORAN CORNBELL
PGARWOODAB,20240543,PHOEBE GARWOOD
AGINGLELLAC,20191592,ABE GINGLELL
JPIMMOCKEAD,20087490,JOLENE PIMMOCKE
MTWIGGEAE,20149593,MERWYN TWIGGE
KSMEEDAF,20086931,KAYCEE SMEED
YMOUSLEYAG,20230690,YANCEY MOUSLEY
BKLIMESAH,20004902,BRADLEY KLIMES
DDEFRAINEAI,20080201,DARN DEFRAINE
UBALLINGALAJ,20222938,ULRIC BALLINGAL
RBETTANEYAK,20252968,REENA BETTANEY
TKEYAL,20149879,TAMI KEY
ZDUDGEONAM,20148505,ZIA DUDGEON
MDEAN,20250017,MARISSA DE CARLO
THARLETTAO,20015916,TERSINA HARLETT
ARANKLINAP,20246007,ALLSUN RANKLIN
MLEAQ,20030573,MASHA LE BLANC
TTHRUSSELLAR,20096895,TABOR THRUSSELL
SWHOTTONAS,20068293,SLOANE WHOTTON
FBEERTAT,20047646,FRANCESCO BEERT
HKENSLEYAU,20121120,HILLARY KENSLEY
CSKYLETTAV,20028491,CHLOE SKYLETT
AVICTORAW,20072041,AUDRYE VICTOR
KHANNEYAX,20122160,KIKELIA HANNEY
HWITTENAY,20210910,HOEBART WITTEN
ISIRRAZ,20128726,ISIDORE SIRR
BEYNONB0,20059358,BRENDEN EYNON
SBUNCEB1,20106040,SHARYL BUNCE
OITSCHAKOVB2,20212567,ORSA ITSCHAKOV
RPARTKYAB3,20250827,REGGIE PARTKYA
LJAYB4,20086500,LUCITA JAY
AYEARNEB5,20178489,ADRIEN YEARNE
DJOUANNOTB6,20063713,DEVINNE JOUANNOT
LSTOKEB7,20196066,LAZARO STOKE
SFILCHAKOVB8,20137948,SALIM FILCHAKOV
SRENNOCKSB9,20163005,SUSY RENNOCKS
GPENNACCIBA,20251495,GWENDOLIN PENNACCI
GWATERLANDBB,20138477,GASTON WATERLAND
MGOSSIPINBC,20124399,MARILEE GOSSIPIN
SCOMPORTBD,20112318,STILLMANN COMPORT
MLYMBOURNEBE,20160782,MERV LYMBOURNE
GMARNERBF,20051361,GODWIN MARNER
KSKRYNEBG,20229040,KATTIE SKRYNE
LBICKERBH,20146129,LEONORA BICKER
JFITTBI,20021912,JUIETA FITT
KBOWSHIREBJ,20246416,KATEE BOWSHIRE
PGRONNOBK,20021063,PETRINA GRONNO
SDARNBROOKBL,20034078,STEPHANUS DARNBROOK
JBELVARDBM,20208245,JAMMAL BELVARD
ASMEALBN,20176902,ANDEEE SMEAL
VSHERRARDBO,20159531,VICTOIR SHERRARD
JANDREBP,20084445,JUNIA ANDRE
LTREENBQ,20105841,LONEE TREEN
MROSSBR,20168587,MODESTIA ROSS
CARSMITHBS,20032326,CARMELLA ARSMITH
ELOVITTBT,20198291,EDE LOVITT
KCOILSBU,20164375,KAHLIL COILS
LELWOODBV,20018163,LIVY ELWOOD
AKARLOWICZBW,20168261,ARTIE KARLOWICZ
EBALLINGBX,20179281,ERINNA BALLING
GBATKINBY,20090508,GIACOMO BATKIN
BRODOLICOBZ,20175239,BERTHA RODOLICO
CHEATLEYC0,20191410,CRYSTIE HEATLEY
AMARIAULTC1,20002917,AXE MARIAULT
HPAUMIERC2,20160746,HURLEY PAUMIER
GBEWICKC3,20201633,GELYA BEWICK
SCHRIPPESC4,20141094,STAR CHRIPPES
FVALLACKC5,20134399,FIELDS VALLACK
DBRAIKENRIDGEC6,20236470,DORIAN BRAIKENRIDGE
BOLLERHEADC7,20234386,BAXTER OLLERHEAD
SMARJANOVICC8,20251926,SAMSON MARJANOVIC
MDUNDREDGEC9,20257982,MICKI DUNDREDGE
GROWLINGCA,20005703,GIRALDO ROWLING
FSHARPLYCB,20174032,FIDELA SHARPLY
LMADOCJONESCC,20083814,LINDON MADOC-JONES
OEWESTACECD,20252878,OFELIA EWESTACE
OHULATTCE,20033212,OTHILIE HULATT
HWATSAMCF,20225106,HERMY WATSAM
TTUNECG,20167987,TREVOR TUNE
DARRAULTCH,20076220,DOROTEYA ARRAULT
ASOLOMONIDESCI,20193021,AYLMER SOLOMONIDES
DLIFTONCJ,20078213,DELORES LIFTON
ACOOKECK,20098595,AMBER COOKE
DHIXSONCL,20014026,DELANO HIXSON
SSTOVOLDCM,20005174,SHIRLEY STOVOLD
SPINFOLDCN,20244263,SHINA PINFOLD
BDUNCANCO,20131693,BESS DUNCAN
HMUNDEECP,20063535,HORACE MUNDEE
ATOLECQ,20234814,ADOLPH TOLE
HGARFOOTCR,20202637,HARRIET GARFOOT
JHEANEYCS,20091512,JANAYE HEANEY`
DOTTLEYCT,20034494,DARRELLE OTTLEY
DWASIELACU,20168270,DAVINE WASIELA
OSKELETONCV,20225740,ORBADIAH SKELETON
OLINCECW,20113307,ONIDA LINCE
ABUBBEARCX,20033414,ALDO BUBBEAR
ASCOONECY,20077409,AVA SCOONE
MMACNEILAGECZ,20100174,MAXIM MACNEILAGE
BUPWARDD0,20041282,BRENDON UPWARD
EELGEED1,20185235,EREK ELGEE
GANGERSTEIND2,20001581,GASPARD ANGERSTEIN
ABALAISOND3,20139614,ASE BALAISON
PVANNED4,20102051,PEG VANNE
TPOLLINSD5,20006644,TABER POLLINS
SSAFFIND6,20068158,SELLE SAFFIN
IMCGLEWD7,20099288,IDALIA MCGLEW
MMAHADDYD8,20256603,MADDY MAHADDY
LTOYED9,20253371,LUDOVIKA TOYE
SBALTRUSHAITISDA,20169087,SCOT BALTRUSHAITIS
EROBERTSDB,20027377,EZMERALDA ROBERTS
CCROSHAMDC,20106536,CARILYN CROSHAM
AMILBERRYDD,20163095,ANGIL MILBERRY
MHESELWOODDE,20152865,MORISSA HESELWOOD
BBATISTELLIDF,20006062,BALDWIN BATISTELLI
SSPEARDG,20171575,SASCHA SPEAR
DDAILEYDH,20163942,DELMER DAILEY
BOSICHEVDI,20150110,BEE OSICHEV
AMOTTINIDJ,20207626,ANTONS MOTTINI
FEDDOLLSDK,20169420,FELIZA EDDOLLS
AMEDDEMMENDL,20085295,AL MEDDEMMEN
LPEISERDM,20187534,LUSA PEISER
KLANPHIERDN,20245597,KIMBLE LANPHIER
ASONGESTDO,20208516,ALPHONSE SONGEST
YBUFTONDP,20226490,YUL BUFTON
DMASSELINDQ,20252895,DORRIE MASSELIN
BCASTANARESDR,20101915,BLAINE CASTANARES
LSHURYDS,20025733,LOUIE SHURY
NHEARTHFIELDDT,20180612,NATAL HEARTHFIELD
GSARREDU,20040121,GORAN SARRE
FGREENSTEADDV,20239450,FREEMAN GREENSTEAD
JBROMBELLDW,20129700,JORDAN BROMBELL
GMCCERERYDX,20228817,GISELBERT MCCERERY
FBEDBORODY,20234653,FRANCIS BEDBORO
FMACHANSDZ,20104423,FRED MACHANS
BHAYE0,20100523,BERKIE HAY
LVINAUE1,20127688,LIANE VINAU
LVINSONE2,20195214,LIA VINSON
CCALLOWE3,20013368,CARYN CALLOW
CHARWOODE4,20004696,CHELSIE HARWOOD
NJOLYE5,20219747,NANINE JOLY
GSTUEHMEYERE6,20254204,GILLIGAN STUEHMEYER
BIVANKOVICE7,20238353,BOY IVANKOVIC
SMORRADE8,20096978,SUTHERLAND MORRAD
DALLDRITTE9,20006837,DESIRI ALLDRITT
GSALTMARSHEA,20150560,GAY SALTMARSH
FBATHAEB,20048922,FLORRIE BATHA
NMACLICEEC,20017703,NEILL MACLICE
JFABLERED,20014317,JOHNATH FABLER
ERIDSDALEEE,20256317,EMMERICH RIDSDALE
KSOLLIMEEF,20064812,KEEFE SOLLIME
VPROVISEG,20027840,VERNE PROVIS
MGWIONETHEH,20137067,MAITILDE GWIONETH
SPLASKETTEI,20116485,SHARAI PLASKETT
DMAUDLENEJ,20243182,DEVINNE MAUDLEN
IBIRKHEADEK,20072312,ISSIAH BIRKHEAD
MDONAHUEEL,20207932,MALLORY DONAHUE
JROLLINGEM,20191356,JACQUENETTE ROLLING
ABOLANEN,20110577,ABIE BOLAN
CATTENBARROWEO,20160566,CESAR ATTENBARROW
RMCDONNELLEP,20123229,RODI MCDONNELL
BKERSHAWEQ,20035498,BOBBE KERSHAW
JDUHIGER,20216120,JOZEF DUHIG
JJEDUCHES,20229977,JOCKO JEDUCH
OBINNALLET,20171128,OLVA BINNALL
VSIMONDEU,20053677,VIDOVIK SIMOND
FMCEV,20065859,FILIPPA MC MEEKAN
ASAFHILLEW,20114893,ATLANTA SAFHILL
SLEMMANBIEEX,20067111,SHEL LEMMANBIE
MKILTIEEY,20237429,MARLINE KILTIE
WLAUDEREZ,20014175,WANDIE LAUDER
CDWYRF0,20132070,CONSTANCIA DWYR
ZZSAF1,20066059,ZSA ZSA VIVIEN
MELLSOMF2,20032031,MARILEE ELLSOM
CCALBERTF3,20119399,CHRISTOFFER CALBERT
JTHAMEF4,20147879,JOHNA THAME
BCREDLANDF5,20086358,BURR CREDLAND
LBECHEF6,20143494,LISSA BECHE
CGOODDINGF7,20044699,CARMELINA GOODDING
MDAUBYF8,20154149,MARYBETH DAUBY
ECHOWNF9,20041912,EDOUARD CHOWN
LJUSTEFA,20174266,LIL JUSTE
LDERKESFB,20081266,LACIE DERKES
VUPSTONEFC,20055034,VALERIE UPSTONE
NSHIPPAMFD,20005701,NIKKI SHIPPAM
CBRANSDONFE,20144186,CHRISTINE BRANSDON
DMARKUSFF,20031261,DRUGI MARKUS
CTASSELFG,20242271,COLLY TASSEL
ALABBATIFH,20005241,ADRIAENS LABBATI
NKENNIFECKFI,20253394,NANNETTE KENNIFECK
NCICCOFJ,20028075,NEAL CICCO
GLOMISFK,20044144,GWENDOLIN LOMIS
KMOUGETFL,20143051,KATY MOUGET
YMOIRFM,20138177,YORKE MOIR
REXERFN,20003530,RICORIKI EXER
PCHALLENFO,20064979,PASCAL CHALLEN
SDEFP,20254938,STORM DE DOMENICIS
AKABISCHFQ,20016207,AUGUSTUS KABISCH
HCRUMMYFR,20164608,HILLIARY CRUMMY
RANNEYFS,20145238,ROXANA ANNEY
JWORLEDGEFT,20220523,JULIET WORLEDGE
RGILESFU,20077055,RENELLE GILES
HFRIDLINGTONFV,20226452,HALEIGH FRIDLINGTON
CBRADLYFW,20160607,CASSAUNDRA BRADLY
GPASMOREFX,20167705,GABRILA PASMORE
ADUGMOREFY,20117565,ANASTASIE DUGMORE
BSAWELLFZ,20048072,BRUCIE SAWELL
SCORRYG0,20180157,STARR CORRY
JBOUGHENG1,20158716,JOSH BOUGHEN
HALDERWICKG2,20048689,HALETTE ALDERWICK
PFOLKESG3,20133280,PIETRA FOLKES
BCASTAGNIERG4,20222088,BERK CASTAGNIER
RJOHNG5,20210604,RICHMOND JOHN
AHARVETTG6,20101500,ADDIE HARVETT
BLOZANOG7,20119490,BENDITE LOZANO
EDILLESTONEG8,20086253,EMMALYN DILLESTONE
BRISENG9,20183016,BAMBI RISEN
WSTITCHERGA,20250230,WEYLIN STITCHER
DDRIVERGB,20164081,DELMOR DRIVER
PCASHINGC,20169733,PEDER CASHIN
BCHILLEYGD,20089381,BOBBY CHILLEY
TMCCAFFERKYGE,20151808,TEDMUND MCCAFFERKY
BSTURTONGF,20248373,BAB STURTON
GWHARINGG,20035974,GABBIE WHARIN
ASMOOTHGH,20064044,ARLIENE SMOOTH
CCROWESTGI,20238458,COLVER CROWEST
CRADBOURNEGJ,20085298,CHRISTAL RADBOURNE
THALSTEADGK,20022747,TERRANCE HALSTEAD
GNOULTONGL,20167097,GUN NOULTON
THAGGERSTONGM,20090597,TALBOT HAGGERSTON
LPITCOCKGN,20186828,LORNE PITCOCK
VSTARKEYGO,20133364,VALERA STARKEY
ESCHWANDGP,20004850,EBONEE SCHWAND
RSPENCERSGQ,20218816,ROSALIE SPENCERS
OFARNHILLGR,20006755,ORELIA FARNHILL
LNAZERGS,20182879,LORNA NAZER
OSOLOWAYGT,20228783,OREL SOLOWAY
DCHATTERSGU,20177859,DEXTER CHATTERS
HKUPKERGV,20072299,HAMISH KUPKER
PDEGW,20008386,PATSY DE LASPEE
RKENDELLGX,20149671,ROCHELLE KENDELL
MCRAINGY,20099406,MOSELLE CRAIN
LWHORTONGZ,20129311,LATRENA WHORTON
TGERCKEH0,20017661,TEDDY GERCKE
BITSCOWICSH1,20250778,BERNICE ITSCOWICS
SBARTALINIH2,20045895,SHANNA BARTALINI
ABOONH3,20249302,ANGELLE BOON
MSOARSH4,20007106,MERLINE SOARS
NDRYSDALEH5,20069401,NEILA DRYSDALE
JLITTLEH6,20205243,JUDI LITTLE
GHARKH7,20134024,GRAZIA HARK
JDAWBURYH8,20104977,JOBINA DAWBURY
HTENAUNTH9,20006342,HORATIUS TENAUNT
NSPINKHA,20180075,NOBY SPINK
GTENBRUGHB,20153215,GRETTA TENBRUG
AGLENNHC,20003294,AUGUSTO GLENN
BTIEBEHD,20226318,BERNADETTE TIEBE
ACOULINGHE,20068768,ALEJOA COULING
HSHADDOCKHF,20238871,HERCULIE SHADDOCK
MMULLARKEYHG,20113402,MAGGIE MULLARKEY
CSCORTONHH,20159377,CLARABELLE SCORTON
IGRABERTHI,20028553,INEZ GRABERT
LGILLAMHJ,20190927,LORILEE GILLAM
KGERLERHK,20002220,KIMBERLEE GERLER
MGOLIGHTLYHL,20236556,MARLA GOLIGHTLY
LGALLAHERHM,20136246,LIZBETH GALLAHER
EBENZIESHN,20118957,ELLARY BENZIES
VDOWALLHO,20197425,VASILIS DOWALL
VSAMMUTHP,20258672,VALENTINA SAMMUT
ARAINERHQ,20189185,AUGIE RAINER
RANDREJEVICHR,20142720,ROIS ANDREJEVIC
EHAYESHS,20096436,ELIA HAYES
KGREENSTEADHT,20149008,KIMMIE GREENSTEAD
CMCCLOUGHENHU,20198514,CARYL MCCLOUGHEN
SKEPLINGHV,20225287,SAMMIE KEPLING
AKNEVETHW,20216502,ARABELA KNEVET
KSTEINORHX,20012527,KEELEY STEINOR
BVERRINGHY,20230250,BENDICK VERRING
ESEABROCKEHZ,20234488,ELVIN SEABROCKE
NABRASHKINI0,20236261,NIKE ABRASHKIN
YCRONKI1,20188041,YOLANDE CRONK
HBANASEVICHI2,20004971,HERSH BANASEVICH
ABALDERYI3,20175231,AUDRE BALDERY
MMCCOWENI4,20011441,MAURY MCCOWEN
LDAWEI5,20193516,LOCKWOOD DAWE
MFOLLANI6,20050939,MATHEW FOLLAN
EMULFORDI7,20157780,ERMINIE MULFORD
CSZAPIROI8,20198405,CRYSTIE SZAPIRO
ERELFI9,20166308,ERYN RELF
SCARABETIA,20118420,STEPHANA CARABET
DCORNELLIB,20154311,DULSEA CORNELL
BMARTELLINIIC,20203799,BERTON MARTELLINI
JGALLETLEYID,20182815,JUSTIN GALLETLEY
LBUNDYIE,20163265,LYNN BUNDY
RGAREYIF,20119832,RUPERTO GAREY
MDOMENGETIG,20063803,MOISHE DOMENGET
JANTHOINEIH,20008641,JOELLEN ANTHOINE
VWILLOUGHEYII,20085782,VITA WILLOUGHEY
LSAFFEIJ,20087206,LYNELLE SAFFE
LOLDINGIK,20237733,LARAINE OLDING
GRIDEWOODIL,20070887,GARRIK RIDEWOOD
ASPIRINGIM,20192001,ANNA-MARIA SPIRING
ACADAMYIN,20105652,ANDREANA CADAMY
VKUNZEIO,20009577,VALENTINA KUNZE
HBLACKLYIP,20156650,HERCULES BLACKLY
LSIMANENKOIQ,20192545,LURA SIMANENKO
MSTOCKERIR,20099325,MANFRED STOCKER
KHAYCOCKIS,20103162,KAILA HAYCOCK
ECYSELEYIT,20162941,EMMALYNN CYSELEY
MFATHERIU,20124863,MILTON FATHER
DPLIMMERIV,20226639,DODY PLIMMER
ERIEFLINIW,20179909,ENRIQUETA RIEFLIN
CTHURSTANIX,20170476,CHRYSA THURSTAN
MBOYFIELDIY,20001744,MANON BOYFIELD
PCODDIZ,20078003,PETEY CODD
ECALDECUTTJ0,20090334,EUGENE CALDECUTT
CCONKLINJ1,20043739,CANDICE CONKLIN
RHOGBINJ2,20229429,REDD HOGBIN
VJACQUEMINETJ3,20076459,VANESSA JACQUEMINET
LSEMKINSJ4,20193646,LUCIA SEMKINS
MMELMETHJ5,20189693,MARIQUILLA MELMETH
DTREBYJ6,20031932,DONNAMARIE TREBY
SFLORENTINEJ7,20160808,STEFAN FLORENTINE
MFORSDIKEJ8,20134993,MAIGHDILN FORSDIKE
CPFEFFELJ9,20134250,CLEAVLAND PFEFFEL
MGROVIERJA,20040293,MARTYNNE GROVIER
EKLESSEJB,20190754,ERMINA KLESSE
CBRISSEJC,20180952,CORRY BRISSE
GFARRENTJD,20143650,GODART FARRENT
AMAYLAMJE,20252400,ALEJANDRO MAYLAM
ESKYMEJF,20082070,EUGENIA SKYME
GSTANYLANDJG,20077927,GODFREY STANYLAND
DKERFORDJH,20088648,DENI KERFORD
GALMONJI,20049323,GAL ALMON
LSTORERJJ,20018560,LIB STORER
SFERRERSJK,20218592,SONNI FERRERS
ESTERTJL,20220033,EDEE STERT
APRIMAKJM,20081610,ANCELL PRIMAK
GGIACOMAZZOJN,20207831,GRISSEL GIACOMAZZO
IOSLERJO,20210922,ILEANE OSLER
LMARFIELDJP,20182318,LOTTA MARFIELD
RNOVISJQ,20038196,ROSSY NOVIS
TMARTONFIJR,20015091,TIERNEY MARTONFI
LSKIRVENJS,20151632,LIN SKIRVEN
RDEENYJT,20116467,RUSTY DEENY
RBENGTSENJU,20209301,RAFAELLLE BENGTSEN
ABAURERICHJV,20184318,AUGUSTIN BAURERICH
SPRYSJW,20209157,SHALNE PRYS
IGIRARDENGOJX,20179572,ISIDORA GIRARDENGO
LPAPEJY,20223418,LEICESTER PAPE
CHUDSONJZ,20049516,CELENE HUDSON
MESCOFIERK0,20089462,MALORY ESCOFIER
OCREGANK1,20234580,ORTON CREGAN
RSUMSHONK2,20234632,RANDOLF SUMSHON
LBAPTYK3,20216790,LUCIENNE BAPTY
SMURRISHK4,20159075,SARETTE MURRISH
EEUNSONK5,20159578,ESTER EUNSON
BLUDWELLK6,20046424,BLANCHE LUDWELL
CSAGEK7,20171260,CHELSAE SAGE
JJIGGENK8,20082790,JANITH JIGGEN
WTHICKK9,20218391,WILLI THICK
DHAYENKA,20071954,DAEL HAYEN
TLANDSBOROUGHKB,20148769,TORRIN LANDSBOROUGH
HRYDZYNSKIKC,20205946,HODGE RYDZYNSKI
OZIEMSENKD,20230014,OLIVE ZIEMSEN
RGRISTONKE,20046941,ROBINETTE GRISTON
VBEADHAMKF,20206131,VENITA BEADHAM
DTHUNNERCLIFFKG,20123144,DUNCAN THUNNERCLIFF
TRIVALLANTKH,20254472,TWILA RIVALLANT
JLOTHEANKI,20248903,JAYMEE LOTHEAN
MTHOMEKJ,20144458,MICHAL THOME
FJOSEFSONKK,20088094,FARA JOSEFSON
VLOCALKL,20230020,VALENTINA LOCAL
CMULBRYKM,20181617,CARESSA MULBRY
TSECKINGTONKN,20093157,TERRY SECKINGTON
AROSSEYKO,20167948,AUGUSTE ROSSEY
LABREHEARTKP,20057105,LISBETH ABREHEART
CLEYNAGHKQ,20086002,CHRISTYE LEYNAGH
ASOAMEKR,20172398,ALAN SOAME
ADWELLYKS,20204538,ALYSA DWELLY
JBREADONKT,20240295,JORDON BREADON
GHAYGREENKU,20153187,GARDY HAYGREEN
VHUNNISETTKV,20021489,VITO HUNNISETT
GSPELLARDKW,20002818,GERHARDT SPELLARD
GREMMERKX,20013172,GRAIG REMMER
MGIOCANNONIKY,20243878,MAURY GIOCANNONI
SHEBBURNKZ,20097313,SEE HEBBURN
ICROSFIELDL0,20244905,IRIS CROSFIELD
EWILLBOURNEL1,20007894,ETHELDA WILLBOURNE
AMCLOUGHLINL2,20013303,ARI MCLOUGHLIN
MGRIGSL3,20058555,MARCILLE GRIGS
CKEASYL4,20200032,CISSY KEASY
BANNOTTL5,20095683,BLANCHE ANNOTT
CVOLETTL6,20127523,CARMENCITA VOLETT
SWARTNABYL7,20164208,SARITA WARTNABY
VRAINTONL8,20055281,VERNA RAINTON
JMELLHUISHL9,20003969,JARAD MELLHUISH
EREEMANLA,20075463,ELENE REEMAN
LGREATREXLB,20023066,LARISA GREATREX
KBYRONLC,20132272,KARIE BYRON
CMCENTAGARTLD,20189484,COSTANZA MCENTAGART
JFAWLKESLE,20103712,JUDON FAWLKES
FWARBEYLF,20046442,FRASIER WARBEY
MANYONLG,20115604,MARRILEE ANYON
WATHYLH,20143658,WIN ATHY
XGISBOURNLI,20104089,XYLINA GISBOURN
GBAULCHLJ,20177398,GOOBER BAULCH
MBRAILEYLK,20116532,MORRY BRAILEY
LWINCHURCHLL,20125179,LEOLINE WINCHURCH
WMCGLUELM,20194183,WILEY MCGLUE
MHEASEMANLN,20153415,MARGARET HEASEMAN
WSOANSLO,20073863,WAYLAND SOANS
DBONNYLP,20226343,DRU BONNY
MGREGORILQ,20220922,MANDY GREGORI
CGRISTWOODLR,20216063,CHET GRISTWOOD
VHENKENSLS,20016253,VALARIA HENKENS
HTONNERLT,20040987,HUEY TONNER
BSHACKELLLU,20069934,BEVVY SHACKELL
AHARESLV,20044850,ALESSANDRO HARES
HCAYETLW,20216439,HESTHER CAYET
ALINNELX,20201362,ALASDAIR LINNE
JWIMPLY,20153423,JACQUENETTE WIMP
SMURPHYLZ,20056006,SERGE MURPHY
NATTWOOLLM0,20126029,NICO ATTWOOLL
NDUFFYM1,20126050,NIKOLA DUFFY
MGOLDWATERM2,20052036,MORGEN GOLDWATER
MLIVESEYM3,20194693,MOZELLE LIVESEY
FERWINM4,20207707,FARRAND ERWIN
EMERCKM5,20089074,ELMORE MERCK
LWELLBELOVEDM6,20110201,LENORE WELLBELOVED
MLANDEAUXM7,20098959,MOLLIE LANDEAUX
MCOXONM8,20105023,MONTE COXON
ETORFINM9,20006970,ETHELYN TORFIN
SROBILARTMA,20103477,SABINE ROBILART
EMOYSEMB,20007488,EADITH MOYSE
HCRAYDONMC,20029565,HILDEGARDE CRAYDON
MMUNDALLMD,20019813,MARKOS MUNDALL
DREIGNARDME,20016003,DANNY REIGNARD
WLYNDMF,20215497,WILLEY LYND
MTAILEMG,20128347,MAXIM TAILE
VSHOVELLERMH,20214023,VERNEN SHOVELLER
RMACVANAMYMI,20163934,RODRIQUE MACVANAMY
NBROSOLIMJ,20203404,NISSA BROSOLI
HDMITRIENKOMK,20016369,HOWIE DMITRIENKO
RKLEEHUHLERML,20221520,RUDY KLEEHUHLER
HMANDIFIELDMM,20151549,HELGE MANDIFIELD
VCREWEMN,20196430,VLADAMIR CREWE
AMURIEMO,20058394,AYMER MURIE
ASECZYKMP,20127939,ANDROS SECZYK
SPILKINTONMQ,20185350,SUSY PILKINTON
CSHEERINGMR,20039934,CONSTANTIN SHEERING
HYEPISKOPOVMS,20089558,HAKEEM YEPISKOPOV
DONIONSMT,20249945,DEEANN O'NIONS
TPHIZACKERLYMU,20045686,TERRANCE PHIZACKERLY
CCHASTELAINMV,20179501,CLAUDIANUS CHASTELAIN
LMCANELLYEMW,20094077,LYNDY MCANELLYE
EBURGWYNMX,20027131,ELENA BURGWYN
CYOUNGSMY,20056849,CEIL YOUNGS
ECORNELISMZ,20225190,ERICK CORNELIS
CMALLETRATTN0,20223185,CHERILYNN MALLETRATT
MSPINETTIN1,20046792,MECHELLE SPINETTI
DWHYFFENN2,20044142,DESI WHYFFEN
SGARIEN3,20211945,SEE GARIE
MTABRETTN4,20110994,MARCIA TABRETT
JPERSEHOUSEN5,20121743,JESSE PERSEHOUSE
SBRITON6,20111166,SERGENT BRITO
KPIDDICKN7,20137694,KAMEKO PIDDICK
NCAMMIEMILEN8,20031206,NEDI CAMMIEMILE
RLAMBIRTHN9,20097011,RODDY LAMBIRTH
AHINTZERNA,20174206,ASE HINTZER
EBREWSTERNB,20105545,ELLETTE BREWSTER
BSUTHWORTHNC,20072746,BRYANTY SUTHWORTH
RLINKLETERND,20247423,ROOBBIE LINKLETER
PSTICKINGSNE,20156586,PATRICA STICKINGS
GPETROVICNF,20058072,GUALTERIO PETROVIC
ASTEARSNG,20235611,ANETT STEARS
CFILEWOODNH,20136067,CINDA FILEWOOD
RSELIGSONNI,20122619,REY SELIGSON
ETIVOLIERNJ,20126411,ELIANORE TIVOLIER
FTROWLNK,20185999,FARICA TROWL
GMATHENL,20188728,GRETA MATHE
DBLADESMITHNM,20002116,DWAIN BLADESMITH
SBASWALLNN,20036384,SCOT BASWALL
ADOWNHAMNO,20118993,AMALITA DOWNHAM
DPETYTNP,20180881,DACEY PETYT
ECHOPINNQ,20206515,ESMERALDA CHOPIN
MBRACERNR,20021808,MARLANE BRACER
TFERRINS,20172317,TITO FERRI
HWONESNT,20043547,HALIMEDA WONES
LFAYNENU,20241525,LIN FAYNE
SEXETERNV,20074198,SHERYE EXETER
MCUMBERPATCHNW,20145821,MADELINA CUMBERPATCH
TGROSIERNX,20164166,TORR GROSIER
LJENNYNY,20039872,LYMAN JENNY
TRATLEENZ,20162656,TOBY RATLEE
MTURBANO0,20161479,MALVINA TURBAN
BFEECHUMO1,20062686,BERNETE FEECHUM
FKIVLEHANO2,20019635,FLORIA KIVLEHAN
BPIERSONO3,20069500,BURNABY PIERSON
JMAGNARO4,20144504,JENI MAGNAR
ACLUETO5,20151578,ANA CLUET
GONDRUSO6,20233539,GERMAYNE ONDRUS
HPASCHEKO7,20257702,HELGA PASCHEK
JRHEADO8,20042077,JACKI RHEAD
KGOLDNEYO9,20127981,KAITLYN GOLDNEY
AJARVILLEOA,20056073,ANDREY JARVILLE
JREVELYOB,20052117,JANEAN REVELY
EEWBANCHEOC,20254151,ELSBETH EWBANCHE
KASCOUGHOD,20015111,KONSTANCE ASCOUGH
AFINCIOE,20017852,ALVIRA FINCI
ISHYRAMOF,20255182,IGNATIUS SHYRAM
WLOVEDAYOG,20202690,WIT LOVEDAY
GMINGUETOH,20135804,GRIZ MINGUET
LWAITEOI,20229131,LEMMY WAITE
JDUFTYOJ,20036424,JANNELLE DUFTY
KTOMCZYKIEWICZOK,20079751,KAYNE TOMCZYKIEWICZ
HTIFFANYOL,20062232,HAMNET TIFFANY
TWHEWAYOM,20059402,THERINE WHEWAY
MHARLICKON,20013256,MASON HARLICK
SLOWOO,20146455,SUSANNE LOW
BLAMBOP,20052702,BOBBI LAMB
CTSCHIRASCHEOQ,20041151,CURREY TSCHIRASCHE
AGODMEROR,20058547,ALOISE GODMER
CBRUINEMANOS,20151466,CRISTEN BRUINEMAN
BCLARKEWILLIAMSOT,20103231,BARNEBAS CLARKE-WILLIAMS
LMATTUSOVOU,20035389,LINNET MATTUSOV
GPAKEMANOV,20198365,GILES PAKEMAN
SMERNEROW,20133098,SAYRES MERNER
HFARRYANOX,20171800,HUEY FARRYAN
DWITLINGOY,20083033,DAV WITLING
LJURSOZ,20122292,LUCIEN JURS
UWYTHILLP0,20045004,URSULA WYTHILL
ARICARDOUP1,20211627,ARTEMIS RICARDOU
MCAUDELIERP2,20049410,MINDY CAUDELIER
JHANSANAP3,20004736,JUDI HANSANA
VCANETEP4,20103154,VALERYE CANETE
DRUSHP5,20138343,DUD RUSH
CIMPEYP6,20085226,CAMERON IMPEY
BBATECOKP7,20230297,BRODERICK BATECOK
NFARDYP8,20053426,NICKOLAS FARDY
GYGLESIASP9,20066730,GUSTA YGLESIAS
ASANDCRAFTPA,20134321,ALENA SANDCRAFT
VEBURNEPB,20170138,VERNA EBURNE
SBELLHAMPC,20047014,SHERIE BELLHAM
RROCKHALLPD,20008035,RAMSAY ROCKHALL
APAULICHPE,20092294,ALDRIC PAULICH
IGOODDYPF,20039070,INEZ GOODDY
CSWAINGERPG,20048721,CATIE SWAINGER
TBRICEPH,20024302,TYRUS BRICE
TDICKERSONPI,20241915,TERRILL DICKERSON
LDEPJ,20132004,LYON DE VRIES
EFRENSCHPK,20014573,ELLIE FRENSCH
JCOOTSPL,20122378,JOELLE COOTS
BCLAMPTONPM,20079067,BUCKIE CLAMPTON
HATHRIDGEPN,20140783,HALETTE ATHRIDGE
BDEVERICKSPO,20170763,BILI DEVERICKS
DCORRADENGOPP,20107307,DAVID CORRADENGO
PBOURKEPQ,20056213,PHAEDRA BOURKE
SPICKRINGPR,20128829,SKYLAR PICKRING
KHAVILEPS,20223568,KERWINN HAVILE
TIACOVIELLOPT,20082772,TOOTSIE IACOVIELLO
EFILIPPAZZOPU,20010041,ENGLEBERT FILIPPAZZO
LLAUGAPV,20030508,LES LAUGA
NRAIMENTPW,20234551,NORMIE RAIMENT
BSPRAGGEPX,20009863,BRINEY SPRAGGE
ESUMMERLEEPY,20106520,EARLIE SUMMERLEE
AHATCHMANPZ,20149010,AMBROSIO HATCHMAN
DBELLELLIQ0,20045443,DECK BELLELLI
RCORNELJESQ1,20055034,RHONA CORNELJES
CSZACHQ2,20068737,CORT SZACH
FDEQ3,20166460,FEDORA DE GREGOLI
AFENNERSQ4,20173238,ANGELO FENNERS
DHUNTQ5,20129969,DOMINIK HUNT
CMORITQ6,20130026,CLAYSON MORIT
KHATFULLQ7,20112866,KISSIE HATFULL
CSKITTLEQ8,20042779,CLARY SKITTLE
LGENTREAUQ9,20049577,LONNY GENTREAU
WWINDHAMQA,20098600,WOLF WINDHAM
NPILBEAMQB,20176547,NOBE PILBEAM
JKILNQC,20091685,JESSAMINE KILN
ABONELLIEQD,20018545,AMALIE BONELLIE
OLOBQE,20128200,ORLANDO LOB
LPERCHARDQF,20143637,LINDSAY PERCHARD
CJACOBSOHNQG,20022118,CHELSY JACOBSOHN
LRUSTEDQH,20222148,LYNNELLE RUSTED
MCUSKERYQI,20254972,MARCELLINA CUSKERY
RTAYLERSONQJ,20193431,RENEE TAYLERSON
CGREGERQK,20103145,CAROLE GREGER
ECHARTERSQL,20091644,ERNY CHARTERS
WQUERNELQM,20078380,WARE QUERNEL
NSWINBOURNEQN,20086751,NIKOLAS SWINBOURNE
MGOOLDQO,20088951,MITCHEL GOOLD
BKERRIDGEQP,20229560,BRITTNEY KERRIDGE
TNEAGLEQQ,20087961,TANNIE NEAGLE
FGUTERSONQR,20078168,FOSS GUTERSON
GDAYNTERQS,20000893,GERMAIN DAYNTER
IDREWEQT,20250144,ILLA DREWE
GBYARSQU,20038422,GABBEY BYARS
MSLAMAKERQV,20134499,MELOSA SLAMAKER
FHALLSTONEQW,20225227,FLOSSY HALLSTONE
FWOLOSCHINQX,20011294,FLORIE WOLOSCHIN
CYURASOVQY,20201857,CECELIA YURASOV
MWRANGLEQZ,20217945,MORNA WRANGLE
JSILVERMANNR0,20119694,JERRIE SILVERMANN
AHAMBROOKR1,20022805,AGGI HAMBROOK
MSYNER2,20115966,MORDECAI SYNE
JMCFADDENR3,20157221,JIM MCFADDEN
SBOORNR4,20051278,SHEM BOORN
ABANSALR5,20130264,ANITA BANSAL
CLAWLANDR6,20107769,CARLIN LAWLAND
IEPPLER7,20197750,ISIDORO EPPLE
PGRISHMANOVR8,20259841,PALOMA GRISHMANOV
BDILLAWAYR9,20073087,BRIGITTA DILLAWAY
KROGETRA,20248507,KACEY ROGET
HMENDESRB,20242338,HARMONY MENDES
LSKERRETTRC,20192716,LEOLINE SKERRETT
ATHURBERRD,20004191,ALDWIN THURBER
DMACMENAMIERE,20004609,DONALL MACMENAMIE
KSTERTRF,20007178,KAIN STERT
MSYMERG,20022559,MINETTE SYME
GNICKOLLRH,20074835,GABRIELLE NICKOLL
FABELLSRI,20083403,FAR ABELLS
WBALDETTIRJ,20130031,WAYLON BALDETTI
CDUMPHRIESRK,20237804,CARITA DUMPHRIES
BTESTORL,20231924,BRIGGS TESTO
JPINCHBACKRM,20063273,JOB PINCHBACK
FELDERIDGERN,20048774,FIFINE ELDERIDGE
HKEYSONRO,20173993,HEATH KEYSON
BRICHINRP,20007919,BURLIE RICHIN
IGARTSHORERQ,20179927,IDALINA GARTSHORE
HHALLORANRR,20062105,HENDERSON HALLORAN
